{"accuracy": 0.86964, "precision": 0.8594327990135635, "recall": 0.8859934853420195}