{"accuracy": 0.87148, "precision": 0.8694041614123581, "recall": 0.8763803924684198}