{"accuracy": 0.86992, "precision": 0.8650191600844608, "recall": 0.8787638039246842}